_id,note,IPs scanned,scan_status
0dd24028-094f-11ed-be62-744ca16f5ab4,Scan as requested. Regular.,"[""118.248.49.100""]",running
236c130f-094f-11ed-a839-744ca16f5ab4,"July, August continuous scan.","[""118.248.49.100""]",running
2fd0a05a-094f-11ed-a1ea-744ca16f5ab4,Port check required,"[""61.253.156.22""]",running
37e81000-094f-11ed-82cb-744ca16f5ab4,Check for vulns.,"[""118.248.49.100""]",running
450ff589-094f-11ed-b62b-744ca16f5ab4,Require investigation.,"[""170.188.51.54""]",running
51fd7936-094f-11ed-9903-744ca16f5ab4,Authentication analysis to be done.,"[""242.146.19.222""]",running
60c0c601-094f-11ed-b68f-744ca16f5ab4,"Critical. Isolate IPs if vulnerable,","[""170.188.51.54""]",running
6e4b72b6-094f-11ed-9dad-744ca16f5ab4,Regular scan on all vulns,"[""157.70.188.142""]",running
8209494f-094f-11ed-9ccb-744ca16f5ab4,Have analysis docs ready.,"[""136.216.9.133"",""108.231.212.63"",""157.70.188.142"",""26.11.233.1""]",finished
89c044e3-094f-11ed-ac15-744ca16f5ab4,,"[""88.238.84.193"",""118.248.49.100"",""242.146.19.222"",""170.188.51.54"",""108.231.212.63""]",finished
92951c3e-094f-11ed-9468-744ca16f5ab4,Regular investigation,"[""136.216.9.133"",""118.248.49.100"",""61.253.156.22""]",finished
a4b75796-094f-11ed-b129-744ca16f5ab4,Detect if patched. ,"[""136.216.9.133"",""88.238.84.193"",""118.248.49.100"",""242.146.19.222""]",finished
c96eafc8-094f-11ed-9473-744ca16f5ab4,,"[""88.238.84.193"",""118.248.49.100""]",running
ccfc17dc-094f-11ed-a793-744ca16f5ab4,,"[""242.146.19.222""]",running
3436ea46-0991-11ed-babe-744ca16f5ab4,note 1,"[""136.216.9.133"",""88.238.84.193"",""118.248.49.100"",""242.146.19.222"",""121.115.247.150""]",finished
ca073e6e-0993-11ed-9f76-744ca16f5ab4,NOTES !)(,"[""136.216.9.133"",""88.238.84.193"",""118.248.49.100"",""242.146.19.222"",""121.115.247.150""]",running
db9bcd02-0994-11ed-a4c2-744ca16f5ab4,jioioios,"[""136.216.9.133"",""88.238.84.193"",""118.248.49.100"",""242.146.19.222"",""121.115.247.150"",""170.188.51.54"",""157.70.188.142"",""26.11.233.1"",""157.84.85.211"",""246.157.52.30"",""89.112.132.3"",""133.46.47.138"",""61.253.156.22""]",finished